Repository's Location,Branch,File Formats,Ignore Glob List,Ignore standalone config,Ignore Commits List,Ignore Authors List,Shallow Cloning,Find Previous Authors
https://github.com/OhEyeSee/ip.git,master,,tutorials/**,,,,,
https://github.com/dannytayjy/ip.git,master,,tutorials/**,,,,,
https://github.com/zihaowrez/ip.git,master,,tutorials/**,,,,,
https://github.com/Geralddtan/ip.git,master,,tutorials/**,,,,,
https://github.com/waffledood/ip.git,master,,tutorials/**,,,,,
https://github.com/jaegarpoon/ip.git,master,,tutorials/**,,,,,
https://github.com/Ashuh/ip.git,master,,tutorials/**,,,,,
https://github.com/declanleeler/ip.git,master,,tutorials/**,,,,,
https://github.com/geetengtan/ip.git,master,,tutorials/**,,,,,
https://github.com/onefangg/ip.git,master,,tutorials/**,,,,,
https://github.com/punnyhuimin/ip.git,master,,tutorials/**,,,,,
https://github.com/charmainehly/ip.git,master,,tutorials/**,,,,,
https://github.com/SweetPotato0213/ip.git,master,,tutorials/**,,,,,
https://github.com/shittake/ip.git,master,,tutorials/**,,,,,
https://github.com/darshan152/ip.git,master,,tutorials/**,,,,,
https://github.com/AryanSarswat/ip.git,master,,tutorials/**,,,,,
https://github.com/TeddYE/ip.git,master,,tutorials/**,,,,,
https://github.com/hieunm1821/ip.git,master,,tutorials/**,,,,,
https://github.com/kahleongq/ip.git,master,,tutorials/**,,,,,
https://github.com/LikHern/ip.git,master,,tutorials/**,,,,,
https://github.com/DALIN-Prog/ip.git,master,,tutorials/**,,,,,
https://github.com/alfredkohhh/ip.git,master,,tutorials/**,,,,,
https://github.com/KristopherPTaslim/ip.git,master,,tutorials/**,,,,,
https://github.com/tanyjnaaman/ip.git,master,,tutorials/**,,,,,
https://github.com/limweiliang/ip.git,master,,tutorials/**,,,,,
https://github.com/dionegoh/ip.git,master,,tutorials/**,,,,,
https://github.com/cindyangXQ/ip.git,master,,tutorials/**,,,,,
https://github.com/zxgoh/ip.git,master,,tutorials/**,,,,,
https://github.com/SethCKL/ip.git,master,,tutorials/**,,,,,
https://github.com/YiHern-Lee/ip.git,master,,tutorials/**,,,,,
https://github.com/brandonrhan/ip.git,master,,tutorials/**,,,,,
https://github.com/geraldneo567/ip.git,master,,tutorials/**,,,,,
https://github.com/yokester98/ip.git,master,,tutorials/**,,,,,
https://github.com/benmurphyy/ip.git,master,,tutorials/**,,,,,
https://github.com/cheehongw/ip.git,master,,tutorials/**,,,,,
https://github.com/jetrz/ip.git,master,,tutorials/**,,,,,
https://github.com/goalfix/ip.git,master,,tutorials/**,,,,,
https://github.com/KwanHW/ip.git,master,,tutorials/**,,,,,
https://github.com/lzan98/ip.git,master,,tutorials/**,,,,,
https://github.com/hanhuiice/ip.git,master,,tutorials/**,,,,,
https://github.com/ChanWeiJie/ip.git,master,,tutorials/**,,,,,
https://github.com/dandaandaaaaaan/ip.git,master,,tutorials/**,,,,,
https://github.com/Wei-Xinn/ip.git,master,,tutorials/**,,,,,
https://github.com/tiewweijian/ip.git,master,,tutorials/**,,,,,
https://github.com/LeeEnEn/ip.git,master,,tutorials/**,,,,,
https://github.com/bryans17/ip.git,master,,tutorials/**,,,,,
https://github.com/Denniszedead/ip.git,master,,tutorials/**,,,,,
https://github.com/yumengtan/ip.git,master,,tutorials/**,,,,,
https://github.com/ivorcmx/ip.git,master,,tutorials/**,,,,,
https://github.com/sharpstorm/ip.git,master,,tutorials/**,,,,,
https://github.com/putaojuice/ip.git,master,,tutorials/**,,,,,
https://github.com/kashing555/ip.git,master,,tutorials/**,,,,,
https://github.com/kavxya/ip.git,master,,tutorials/**,,,,,
https://github.com/khoahre123/ip.git,master,,tutorials/**,,,,,
https://github.com/winkmike/ip.git,master,,tutorials/**,,,,,
https://github.com/Rdac0/ip.git,master,,tutorials/**,,,,,
https://github.com/snoidetx/ip.git,master,,tutorials/**,,,,,
https://github.com/xzzz3/ip.git,master,,tutorials/**,,,,,
https://github.com/sophiien/ip.git,master,,tutorials/**,,,,,
https://github.com/michaelseyo/ip.git,master,,tutorials/**,,,,,
https://github.com/castryl/ip.git,master,,tutorials/**,,,,,
https://github.com/aaron-ljx/ip.git,master,,tutorials/**,,,,,
https://github.com/howardwhw2/ip.git,master,,tutorials/**,,,,,
https://github.com/jiewei98/ip.git,master,,tutorials/**,,,,,
https://github.com/yunbinmo/ip.git,master,,tutorials/**,,,,,
https://github.com/zzkzzzz/ip.git,master,,tutorials/**,,,,,
https://github.com/domlimm/ip.git,master,,tutorials/**,,,,,
https://github.com/jessicajacelyn/ip.git,master,,tutorials/**,,,,,
https://github.com/seksek13/ip.git,master,,tutorials/**,,,,,
https://github.com/flairekq/ip.git,master,,tutorials/**,,,,,
https://github.com/hsiaojietng/ip.git,master,,tutorials/**,,,,,
https://github.com/reignnz/ip.git,master,,tutorials/**,,,,,
https://github.com/HanJiyao/ip.git,master,,tutorials/**,,,,,
https://github.com/FYimu/ip.git,master,,tutorials/**,,,,,
https://github.com/chriswengqi/ip.git,master,,tutorials/**,,,,,
https://github.com/channne/ip.git,master,,tutorials/**,,,,,
https://github.com/ryanwalterlee/ip.git,master,,tutorials/**,,,,,
https://github.com/leeyiheng12/ip.git,master,,tutorials/**,,,,,
https://github.com/Punpun1643/ip.git,master,,tutorials/**,,,,,
https://github.com/isabelteo/ip.git,master,,tutorials/**,,,,,
https://github.com/likeabowx/ip.git,master,,tutorials/**,,,,,
https://github.com/MontyPython28/ip.git,master,,tutorials/**,,,,,
https://github.com/lovemathboy/ip.git,master,,tutorials/**,,,,,
https://github.com/junlee1991/ip.git,master,,tutorials/**,,,,,
https://github.com/bingsen0806/ip.git,master,,tutorials/**,,,,,
https://github.com/jbkim1999/ip.git,master,,tutorials/**,,,,,
https://github.com/ddx-510/ip.git,master,,tutorials/**,,,,,
https://github.com/fantablack/ip.git,master,,tutorials/**,,,,,
https://github.com/vishandi/ip.git,master,,tutorials/**,,,,,
https://github.com/sibinhho99-nus/ip.git,master,,tutorials/**,,,,,
https://github.com/swiftguy1/ip.git,master,,tutorials/**,,,,,
https://github.com/gigituang/ip.git,master,,tutorials/**,,,,,
https://github.com/brelkh/ip.git,master,,tutorials/**,,,,,
https://github.com/EvaderFati/ip.git,master,,tutorials/**,,,,,
https://github.com/xpzmichael/ip.git,master,,tutorials/**,,,,,
https://github.com/Rye-Catcher/ip.git,master,,tutorials/**,,,,,
https://github.com/chuabingquan/ip.git,master,,tutorials/**,,,,,
https://github.com/joelwongjy/ip.git,master,,tutorials/**,,,,,
https://github.com/tsumian/ip.git,master,,tutorials/**,,,,,
https://github.com/juayhee/ip.git,master,,tutorials/**,,,,,
https://github.com/jltham/ip.git,master,,tutorials/**,,,,,
https://github.com/Gnoznaug/ip.git,master,,tutorials/**,,,,,
https://github.com/aceszhenwei/ip.git,master,,tutorials/**,,,,,
https://github.com/myc37/ip.git,master,,tutorials/**,,,,,
https://github.com/raynerljm/ip.git,master,,tutorials/**,,,,,
https://github.com/zechajw/ip.git,master,,tutorials/**,,,,,
https://github.com/garethkoh/ip.git,master,,tutorials/**,,,,,
https://github.com/xSaints19x/ip.git,master,,tutorials/**,,,,,
https://github.com/tyanhan/ip.git,master,,tutorials/**,,,,,
https://github.com/kerbysoh/ip.git,master,,tutorials/**,,,,,
https://github.com/hanqinilnix/ip.git,master,,tutorials/**,,,,,
https://github.com/seanleong339/ip.git,master,,tutorials/**,,,,,
https://github.com/cpwill01/ip.git,master,,tutorials/**,,,,,
https://github.com/teominghuang/ip.git,master,,tutorials/**,,,,,
https://github.com/Btaykb/ip.git,master,,tutorials/**,,,,,
https://github.com/shurvirarora/ip.git,master,,tutorials/**,,,,,
https://github.com/Jiaaa-yang/ip.git,master,,tutorials/**,,,,,
https://github.com/FestiveCat/ip.git,master,,tutorials/**,,,,,
https://github.com/yl-ang/ip.git,master,,tutorials/**,,,,,
https://github.com/iztanpy/ip.git,master,,tutorials/**,,,,,
https://github.com/e0543517/ip.git,master,,tutorials/**,,,,,
https://github.com/ryantanlien/ip.git,master,,tutorials/**,,,,,
https://github.com/Fenway17/ip.git,master,,tutorials/**,,,,,
https://github.com/lchokhoe/ip.git,master,,tutorials/**,,,,,
https://github.com/yuqitanyq/ip.git,master,,tutorials/**,,,,,
https://github.com/YiFei2/ip.git,master,,tutorials/**,,,,,
https://github.com/DannyDakota/ip.git,master,,tutorials/**,,,,,
https://github.com/weijuey/ip.git,master,,tutorials/**,,,,,
https://github.com/zzhikai/ip.git,master,,tutorials/**,,,,,
https://github.com/jiale-c/ip.git,master,,tutorials/**,,,,,
https://github.com/RyanCheungJF/ip.git,master,,tutorials/**,,,,,
https://github.com/Korochii/ip.git,master,,tutorials/**,,,,,
https://github.com/NicsunXnus/ip.git,master,,tutorials/**,,,,,
https://github.com/janald99/ip.git,master,,tutorials/**,,,,,
https://github.com/snss231/ip.git,master,,tutorials/**,,,,,
https://github.com/glennljw/ip.git,master,,tutorials/**,,,,,
https://github.com/sbhbenjamin/ip.git,master,,tutorials/**,,,,,
https://github.com/ian-from-dover/ip.git,master,,tutorials/**,,,,,
https://github.com/Benjykoh/ip.git,master,,tutorials/**,,,,,
https://github.com/Justinnje/ip.git,master,,tutorials/**,,,,,
https://github.com/tobihy/ip.git,master,,tutorials/**,,,,,
https://github.com/medajet/ip.git,master,,tutorials/**,,,,,
https://github.com/mazx4960/ip.git,master,,tutorials/**,,,,,
https://github.com/imrajsinghsandhu/ip.git,master,,tutorials/**,,,,,
https://github.com/Cyolune/ip.git,master,,tutorials/**,,,,,
https://github.com/kuanjr/ip.git,master,,tutorials/**,,,,,
https://github.com/WJunHong/ip.git,master,,tutorials/**,,,,,
https://github.com/LowJiaHao99/ip.git,master,,tutorials/**,,,,,
https://github.com/kev-intq/ip.git,master,,tutorials/**,,,,,
https://github.com/eugenechiaay/ip.git,master,,tutorials/**,,,,,
https://github.com/tanweien/ip.git,master,,tutorials/**,,,,,
https://github.com/takufunkai/ip.git,master,,tutorials/**,,,,,
https://github.com/SimJM/ip.git,master,,tutorials/**,,,,,
https://github.com/lzf834/ip.git,master,,tutorials/**,,,,,
https://github.com/tanchinkiat99/ip.git,master,,tutorials/**,,,,,
https://github.com/markbiju/ip.git,master,,tutorials/**,,,,,
https://github.com/seanlaiys/ip.git,master,,tutorials/**,,,,,
https://github.com/arcornior/ip.git,master,,tutorials/**,,,,,
https://github.com/yusufaine/ip.git,master,,tutorials/**,,,,,
https://github.com/tzhan98/ip.git,master,,tutorials/**,,,,,
https://github.com/jamesyeap/ip.git,master,,tutorials/**,,,,,
https://github.com/blaketingyu/ip.git,master,,tutorials/**,,,,,
https://github.com/bakano98/ip.git,master,,tutorials/**,,,,,
https://github.com/lowkaiwei98/ip.git,master,,tutorials/**,,,,,
https://github.com/DaneMarc/ip.git,master,,tutorials/**,,,,,
https://github.com/tanyutao544/ip.git,master,,tutorials/**,,,,,
https://github.com/MelvinCZJ/ip.git,master,,tutorials/**,,,,,
https://github.com/junjunjieOng/ip.git,master,,tutorials/**,,,,,
https://github.com/laughingkid-sg/ip.git,master,,tutorials/**,,,,,
https://github.com/e0544333/ip.git,master,,tutorials/**,,,,,
https://github.com/lamwj98/ip.git,master,,tutorials/**,,,,,
https://github.com/rcjj98/ip.git,master,,tutorials/**,,,,,
https://github.com/ongkimlai/ip.git,master,,tutorials/**,,,,,
https://github.com/ngjunkang/ip.git,master,,tutorials/**,,,,,
https://github.com/jinnhl/ip.git,master,,tutorials/**,,,,,
https://github.com/aidanasden/ip.git,master,,tutorials/**,,,,,
https://github.com/fredtwt/ip.git,master,,tutorials/**,,,,,
https://github.com/junrong98/ip.git,master,,tutorials/**,,,,,
https://github.com/simjunheng/ip.git,master,,tutorials/**,,,,,
https://github.com/tandeshao/ip.git,master,,tutorials/**,,,,,
https://github.com/eman-kom/ip.git,master,,tutorials/**,,,,,
https://github.com/Ryan-L98/ip.git,master,,tutorials/**,,,,,
https://github.com/whoisjunhong/ip.git,master,,tutorials/**,,,,,
https://github.com/lkldev/ip.git,master,,tutorials/**,,,,,
https://github.com/atmh/ip.git,master,,tutorials/**,,,,,
https://github.com/AdrianOngJJ/ip.git,master,,tutorials/**,,,,,
https://github.com/KeithCZW/ip.git,master,,tutorials/**,,,,,
https://github.com/Oddcorner/ip.git,master,,tutorials/**,,,,,
https://github.com/TypeDefinition/ip.git,master,,tutorials/**,,,,,
https://github.com/goel-a/ip.git,master,,tutorials/**,,,,,
https://github.com/talkintomato/ip.git,master,,tutorials/**,,,,,
https://github.com/Kidsnd274/ip.git,master,,tutorials/**,,,,,
https://github.com/aweijun/ip.git,master,,tutorials/**,,,,,
https://github.com/zhongfu/ip.git,master,,tutorials/**,,,,,
https://github.com/kevinkuo0320/ip.git,master,,tutorials/**,,,,,
https://github.com/Halpfrog/ip.git,master,,tutorials/**,,,,,
https://github.com/Decaxical/ip.git,master,,tutorials/**,,,,,
https://github.com/j4ck990/ip.git,master,,tutorials/**,,,,,
https://github.com/jaysmyname/ip.git,master,,tutorials/**,,,,,
https://github.com/ovidharshini/ip.git,master,,tutorials/**,,,,,
https://github.com/tehkokhoe/ip.git,master,,tutorials/**,,,,,
https://github.com/mradhyaf/ip.git,master,,tutorials/**,,,,,
https://github.com/kaiyichen/ip.git,master,,tutorials/**,,,,,
https://github.com/ThePrevailingOne/ip.git,master,,tutorials/**,,,,,
https://github.com/albertsutz/ip.git,master,,tutorials/**,,,,,
https://github.com/redpelican2108/ip.git,master,,tutorials/**,,,,,
https://github.com/mechfrog88/ip.git,master,,tutorials/**,,,,,
https://github.com/DavidTan0527/ip.git,master,,tutorials/**,,,,,
https://github.com/chuashihong/ip.git,master,,tutorials/**,,,,,
https://github.com/zunedz/ip.git,master,,tutorials/**,,,,,
https://github.com/joey-chance/ip.git,master,,tutorials/**,,,,,
https://github.com/1001mei/ip.git,master,,tutorials/**,,,,,
https://github.com/yongler/ip.git,master,,tutorials/**,,,,,
https://github.com/cheekean5848/ip.git,master,,tutorials/**,,,,,
https://github.com/clement0010/ip.git,master,,tutorials/**,,,,,
https://github.com/manu2002g/ip.git,master,,tutorials/**,,,,,
https://github.com/tonishka/ip.git,master,,tutorials/**,,,,,
https://github.com/thewrik/ip.git,master,,tutorials/**,,,,,
https://github.com/pnutzz-0207/ip.git,master,,tutorials/**,,,,,
https://github.com/ro4k9/ip.git,master,,tutorials/**,,,,,
https://github.com/juslam19/ip.git,master,,tutorials/**,,,,,
https://github.com/soloplxya/ip.git,master,,tutorials/**,,,,,
https://github.com/louisdavinlie/ip.git,master,,tutorials/**,,,,,
https://github.com/9teMare/ip.git,master,,tutorials/**,,,,,
https://github.com/Spyobird/ip.git,master,,tutorials/**,,,,,
https://github.com/B1LLP4RK/ip.git,master,,tutorials/**,,,,,
https://github.com/petermonky/ip.git,master,,tutorials/**,,,,,
https://github.com/sheimoria/ip.git,master,,tutorials/**,,,,,
https://github.com/justinekoh/ip.git,master,,tutorials/**,,,,,
https://github.com/AinsleyJ/ip.git,master,,tutorials/**,,,,,
https://github.com/NatalieTanML/ip.git,master,,tutorials/**,,,,,
https://github.com/wxliong/ip.git,master,,tutorials/**,,,,,
https://github.com/BrendonLau/ip.git,master,,tutorials/**,,,,,
https://github.com/cwq2326/ip.git,master,,tutorials/**,,,,,
https://github.com/jxt00/ip.git,master,,tutorials/**,,,,,
https://github.com/bloodofme/ip.git,master,,tutorials/**,,,,,
https://github.com/hqhqhq1/ip.git,master,,tutorials/**,,,,,
https://github.com/LapisRaider/ip.git,master,,tutorials/**,,,,,
https://github.com/alexteo98/ip.git,master,,tutorials/**,,,,,
https://github.com/AAlghrairy/ip.git,master,,tutorials/**,,,,,
https://github.com/robinrojh/ip.git,master,,tutorials/**,,,,,
https://github.com/riakhaitan/ip.git,master,,tutorials/**,,,,,
https://github.com/thikhinab/ip.git,master,,tutorials/**,,,,,
https://github.com/holymolytrolley/ip.git,master,,tutorials/**,,,,,
https://github.com/zixin448/ip.git,master,,tutorials/**,,,,,
https://github.com/cashewnade/ip.git,master,,tutorials/**,,,,,
https://github.com/joeietao/ip.git,master,,tutorials/**,,,,,
https://github.com/cwnm/ip.git,master,,tutorials/**,,,,,
https://github.com/honganhcs/ip.git,master,,tutorials/**,,,,,
https://github.com/chanyijuan/ip.git,master,,tutorials/**,,,,,
https://github.com/justinyjt/ip.git,master,,tutorials/**,,,,,
https://github.com/JonathanHoshi/ip.git,master,,tutorials/**,,,,,
https://github.com/muraddurrani/ip.git,master,,tutorials/**,,,,,
https://github.com/nicollegann/ip.git,master,,tutorials/**,,,,,
https://github.com/Jacky142857/ip.git,master,,tutorials/**,,,,,
https://github.com/brigittesantoso/ip.git,master,,tutorials/**,,,,,
https://github.com/vanessaxuuan/ip.git,master,,tutorials/**,,,,,
https://github.com/Tiffanylin21/ip.git,master,,tutorials/**,,,,,
https://github.com/junjieteoh/ip.git,master,,tutorials/**,,,,,
https://github.com/lawwm/ip.git,master,,tutorials/**,,,,,
https://github.com/Vishwanth2210/ip.git,master,,tutorials/**,,,,,
https://github.com/xMashedxTomatox/ip.git,master,,tutorials/**,,,,,
https://github.com/zawedcvg/ip.git,master,,tutorials/**,,,,,
https://github.com/kxshxsh/ip.git,master,,tutorials/**,,,,,
https://github.com/Ardentsoul/ip.git,master,,tutorials/**,,,,,
https://github.com/s7manth/ip.git,master,,tutorials/**,,,,,
https://github.com/ckcherry23/ip.git,master,,tutorials/**,,,,,
https://github.com/tomascherian/ip.git,master,,tutorials/**,,,,,
https://github.com/rahulprasad01/ip.git,master,,tutorials/**,,,,,
https://github.com/Shivang211/ip.git,master,,tutorials/**,,,,,
https://github.com/Harish-coding/ip.git,master,,tutorials/**,,,,,
https://github.com/nnmoq/ip.git,master,,tutorials/**,,,,,
https://github.com/AD-NAP/ip.git,master,,tutorials/**,,,,,
https://github.com/Dineshraj555/ip.git,master,,tutorials/**,,,,,
https://github.com/joszx/ip.git,master,,tutorials/**,,,,,
https://github.com/pyk595/ip.git,master,,tutorials/**,,,,,
https://github.com/Graphcalibur/ip.git,master,,tutorials/**,,,,,
https://github.com/viki0526/ip.git,master,,tutorials/**,,,,,
https://github.com/prgJ/ip.git,master,,tutorials/**,,,,,
https://github.com/aditi2313/ip.git,master,,tutorials/**,,,,,
https://github.com/Gernene/ip.git,master,,tutorials/**,,,,,
https://github.com/brian16600/ip.git,master,,tutorials/**,,,,,
